time,latitude,longitude,depth,mag,magType,nst,gap,dmin,rms,net,id,updated,place,type,horizontalError,depthError,magError,magNst,status,locationSource,magSource
2019-01-04T06:49:23.370Z,54.9099,164.8229,10,4.4,mb,,170,4.106,0.49,us,us2000j07a,2019-01-04T07:06:28.040Z,"81km WSW of Nikol'skoye, Russia",earthquake,13.6,2,0.101,28,reviewed,us,us
2019-01-04T06:22:44.590Z,-6.5098,130.3935,117.72,5.6,mww,,29,1.716,0.77,us,us2000j076,2019-01-04T06:41:54.236Z,"189km NNW of Saumlaki, Indonesia",earthquake,5.7,5.7,0.071,19,reviewed,us,us
2019-01-04T04:37:54.130Z,55.2981,-157.9746,42.6,4.1,mb,,168,1.035,0.65,us,us2000j06t,2019-01-04T04:59:54.040Z,"116km ENE of Chernabura Island, Alaska",earthquake,8.2,10.1,0.303,3,reviewed,us,us
2019-01-04T03:08:03.630Z,17.9333,-68.3008,60,2.75,md,14,222,0.5862,0.53,pr,pr2019004001,2019-01-04T07:41:15.196Z,"59km SSE of Boca de Yuma, Dominican Republic",earthquake,4.26,5.84,0.35,14,reviewed,pr,pr
2019-01-04T02:30:34.980Z,13.6312,-90.752,35,4,mb,,178,1.275,1.43,us,us2000j06y,2019-01-04T05:58:30.894Z,"33km SSE of Puerto San Jose, Guatemala",earthquake,4.2,2,0.183,8,reviewed,us,us
2019-01-04T01:16:47.400Z,19.0271,-64.2701,91,3.16,md,6,345,1.8098,0.19,pr,pr2019004000,2019-01-04T04:35:32.438Z,"76km NNE of Road Town, British Virgin Islands",earthquake,5.48,9.3,0.36,6,reviewed,pr,pr
2019-01-04T00:27:43.547Z,69.6037,-144.2652,6.3,2.7,ml,,,,0.86,ak,ak0196mb9o2,2019-01-04T00:42:59.040Z,"63km SSW of Kaktovik, Alaska",earthquake,,3.7,,,automatic,ak,ak
2019-01-03T23:35:22.280Z,18.2166,-68.6628,77,2.72,md,9,212,1.5673,0.43,pr,pr2019003008,2019-01-04T04:34:40.422Z,"18km SSW of Boca de Yuma, Dominican Republic",earthquake,6.24,4.3,0.24,9,reviewed,pr,pr
2019-01-03T22:59:25.950Z,22.8143,121.376,47.46,4.3,mb,,115,2.152,0.76,us,us2000j05k,2019-01-03T23:36:58.040Z,"24km ENE of Taitung City, Taiwan",earthquake,9.3,9.5,0.103,27,reviewed,us,us
2019-01-03T22:44:26.810Z,19.4416667,-155.6106667,-0.77,2.47,ml,39,108,0.01258,0.12,hv,hv70755941,2019-01-04T00:12:27.020Z,"26km E of Honaunau-Napoopoo, Hawaii",earthquake,0.2,0.3,0.102,30,reviewed,hv,hv
2019-01-03T21:35:14.600Z,54.8546,164.7117,10,5.4,mb,,118,4.024,0.98,us,us2000j04m,2019-01-03T21:51:32.040Z,"90km WSW of Nikol'skoye, Russia",earthquake,8.9,1.9,0.033,308,reviewed,us,us
2019-01-03T21:34:20.666Z,50.2697,-176.7857,47.2,2.6,ml,,,,0.48,ak,ak0195bbhxa,2019-01-03T23:10:21.763Z,"179km S of Adak, Alaska",earthquake,,500.5,,,reviewed,ak,ak
2019-01-03T21:11:51.330Z,-5.6531,-76.948,42.72,4.9,mb,,140,3.915,0.64,us,us2000j04a,2019-01-04T01:21:23.328Z,"43km N of Moyobamba, Peru",earthquake,4.8,8.7,0.052,115,reviewed,us,us
2019-01-03T20:59:02.640Z,2.3672,127.2966,58.38,4.8,mww,,104,1.586,0.67,us,us2000j048,2019-01-03T21:49:19.040Z,"106km NW of Tobelo, Indonesia",earthquake,7.8,7.1,0.073,18,reviewed,us,us
2019-01-03T20:55:26.715Z,61.8845,-147.324,39.7,3.6,ml,,,,0.55,ak,ak0195aujzk,2019-01-03T21:55:49.040Z,"81km E of Sutton-Alpine, Alaska",earthquake,,0.2,,,reviewed,ak,ak
2019-01-03T20:51:38.562Z,61.3543,-150.1317,19.8,2.6,ml,,,,0.82,ak,ak0195atq3v,2019-01-04T04:54:12.945Z,"17km SSW of Big Lake, Alaska",earthquake,,0.4,,,automatic,ak,ak
2019-01-03T20:46:15.010Z,48.8169,153.7906,80.65,5.3,mb,,48,5.213,1.12,us,us2000j03t,2019-01-03T21:42:37.040Z,"266km SW of Severo-Kuril'sk, Russia",earthquake,9.4,4.1,0.031,339,reviewed,us,us
2019-01-03T20:07:17.990Z,54.9088,165.5045,10,4.3,mb,,167,4.466,0.52,us,us2000j03q,2019-01-03T21:21:56.040Z,"44km SW of Nikol'skoye, Russia",earthquake,7.7,2,0.104,26,reviewed,us,us
2019-01-03T18:51:38.086Z,58.5616,-154.1122,85.8,4.2,ml,,,,0.45,ak,ak01959muqd,2019-01-03T19:13:27.786Z,"114km N of Larsen Bay, Alaska",earthquake,,0.2,,,reviewed,ak,ak
2019-01-03T18:20:50.160Z,62.2256,-152.0532,103.8,2.8,ml,,,,0.61,ak,ak01959g8gl,2019-01-03T19:17:20.040Z,"101km W of Talkeetna, Alaska",earthquake,,0.6,,,automatic,ak,ak
2019-01-03T18:02:50.070Z,22.9222,121.0489,10,4.8,mb,,110,0.52,0.79,us,us2000j02k,2019-01-03T18:53:44.040Z,"20km NNW of Taitung City, Taiwan",earthquake,5,0.8,0.066,72,reviewed,us,us
2019-01-03T17:57:46.300Z,53.4018,159.6844,68.19,5,mb,,114,0.728,0.75,us,us2000j02g,2019-01-03T18:51:14.965Z,"79km ENE of Petropavlovsk-Kamchatskiy, Russia",earthquake,9.2,5.3,0.034,274,reviewed,us,us
2019-01-03T17:56:42.290Z,55.0294,164.661,10,4.3,mb,,165,4.074,0.46,us,us2000j02v,2019-01-03T19:43:53.040Z,"86km WSW of Nikol'skoye, Russia",earthquake,9.4,1.9,0.086,38,reviewed,us,us
2019-01-03T16:42:19.000Z,-10.6419,108.5165,8.84,4.5,mb,,83,2.821,0.89,us,us2000j024,2019-01-03T18:23:29.085Z,"South of Java, Indonesia",earthquake,7.1,4.7,0.097,35,reviewed,us,us
2019-01-03T15:34:35.300Z,25.3209,124.1559,122.33,4.8,mb,,68,1.342,0.82,us,us2000j01x,2019-01-03T15:53:35.040Z,"108km N of Ishigaki, Japan",earthquake,7.7,6.9,0.061,83,reviewed,us,us
2019-01-03T15:22:56.952Z,61.3127,-149.9198,44.9,3.6,ml,,,,0.51,ak,ak01957odna,2019-01-04T07:38:51.717Z,"12km NNW of Anchorage, Alaska",earthquake,,0.1,,,reviewed,ak,ak
2019-01-03T15:01:40.919Z,61.4474,-149.9798,34.1,2.5,ml,,,,0.78,ak,ak01957juen,2019-01-04T07:28:19.686Z,"8km S of Big Lake, Alaska",earthquake,,0.3,,,automatic,ak,ak
2019-01-03T13:06:28.438Z,62.4531,-152.5691,161.2,2.6,ml,,,,0.66,ak,ak01956e12w,2019-01-03T13:19:39.096Z,"128km W of Talkeetna, Alaska",earthquake,,0.5,,,automatic,ak,ak
2019-01-03T12:47:42.810Z,-59.7702,-26.6497,133.43,5.4,mb,,87,7.679,1.08,us,us2000j01b,2019-01-03T13:02:03.040Z,"82km S of Bristol Island, South Sandwich Islands",earthquake,12,7.3,0.066,79,reviewed,us,us
2019-01-03T11:07:14.350Z,50.5547,-65.3156,15.78,2.9,ml,,113,1.63,0.61,us,us2000j072,2019-01-04T06:48:12.040Z,"85km ENE of Sept-Iles, Canada",earthquake,6.3,7.2,0.091,16,reviewed,us,us
2019-01-03T09:10:28.000Z,32.9699,130.4686,10,4.7,mb,,100,0.376,0.63,us,us2000j00n,2019-01-03T13:57:26.318Z,"7km SSE of Omuta, Japan",earthquake,7.7,1.9,0.099,31,reviewed,us,us
2019-01-03T07:59:33.770Z,18.621,-64.0368,119,3.03,md,8,339,1.8743,0.21,pr,pr2019003004,2019-01-03T11:49:52.245Z,"65km ENE of Road Town, British Virgin Islands",earthquake,5.79,6.17,0.35,7,reviewed,pr,pr
2019-01-03T07:42:26.620Z,-9.3194,109.5839,10,4.4,mb,,91,1.678,0.72,us,us2000j00l,2019-01-03T09:12:21.040Z,"169km SSW of Bambanglipuro, Indonesia",earthquake,8,1.9,0.13,17,reviewed,us,us
2019-01-03T06:31:24.215Z,62.2209,-150.1401,1.1,2.9,ml,,,,0.84,ak,ak01952dc93,2019-01-03T07:32:14.888Z,"11km S of Talkeetna, Alaska",earthquake,,0.3,,,automatic,ak,ak
2019-01-03T06:09:09.370Z,31.6191,-104.3119,5,2.7,ml,,65,0.394,0.5,us,us2000j006,2019-01-03T15:18:32.691Z,"68km W of Mentone, Texas",earthquake,4.3,2,0.097,20,reviewed,us,us
2019-01-03T05:33:38.275Z,70.2754,-144.4904,55.7,3.5,ml,,,,0.58,ak,ak01951sd3u,2019-01-03T17:26:16.495Z,"34km WNW of Kaktovik, Alaska",earthquake,,0.2,,,reviewed,ak,ak
2019-01-03T05:07:11.510Z,-45.0103,166.6939,10,4.1,mb,,125,0.558,1.07,us,us2000izzu,2019-01-03T05:44:11.040Z,"92km WNW of Te Anau, New Zealand",earthquake,3.5,1.9,0.301,3,reviewed,us,us
2019-01-03T04:49:18.560Z,-11.5095,118.1787,38.08,4.6,mb,,96,6.233,0.86,us,us2000izzq,2019-01-03T05:07:12.040Z,"224km SSW of Panenggoede, Indonesia",earthquake,8.5,10.4,0.122,20,reviewed,us,us
2019-01-03T04:45:45.208Z,62.3986,-152.3139,123.8,2.5,ml,,,,0.57,ak,ak019519ih0,2019-01-03T04:52:36.217Z,"114km W of Talkeetna, Alaska",earthquake,,0.7,,,automatic,ak,ak
2019-01-03T04:34:16.540Z,19.0233,-66.8126,50,2.9,md,7,310,0.6792,0.15,pr,pr2019003003,2019-01-03T07:30:04.331Z,"59km N of Hatillo, Puerto Rico",earthquake,1.69,3.79,0.13,6,reviewed,pr,pr
2019-01-03T04:21:24.880Z,-3.8685,127.7607,53.66,4.7,mb,,83,4.578,0.89,us,us2000izzc,2019-01-03T04:31:52.040Z,"45km WSW of Amahusu, Indonesia",earthquake,7.5,11.7,0.12,21,reviewed,us,us
2019-01-03T04:12:32.400Z,61.3452,-150.1214,26,2.5,ml,,,,0.7,ak,ak019512f08,2019-01-03T06:06:36.296Z,"18km NW of Anchorage, Alaska",earthquake,,0.3,,,automatic,ak,ak
2019-01-03T03:32:13.770Z,33.4996667,-116.8078333,2.57,3.1,ml,126,18,0.01413,0.23,ci,ci38414776,2019-01-03T16:28:06.910Z,"8km NE of Aguanga, CA",earthquake,0.1,0.28,0.147,259,reviewed,ci,ci
2019-01-03T03:25:50.610Z,-47.9453,165.4839,14.77,4.7,mb,,131,2.658,0.88,us,us2000izyx,2019-01-03T03:50:29.040Z,"261km SW of Riverton, New Zealand",earthquake,11.7,5.7,0.174,10,reviewed,us,us
2019-01-03T02:14:54.857Z,61.4731,-149.9969,21.4,3.3,ml,,,,0.89,ak,ak0194zw0zn,2019-01-04T02:17:07.793Z,"5km SSW of Big Lake, Alaska",earthquake,,0.3,,,automatic,ak,ak
2019-01-03T02:13:11.247Z,61.4678,-149.9694,19,2.6,ml,,,,0.73,ak,ak0194zvpx4,2019-01-03T10:15:46.364Z,"6km S of Big Lake, Alaska",earthquake,,0.4,,,automatic,ak,ak
2019-01-03T01:56:34.310Z,61.014,-150.2558,8.3,3.4,ml,,,,0.8,ak,ak0194zjjtd,2019-01-04T01:58:47.584Z,"19km WSW of Anchorage, Alaska",earthquake,,0.4,,,automatic,ak,ak
2019-01-03T01:08:48.248Z,61.296,-149.8906,27.7,2.6,ml,,,,0.87,ak,ak0194z9aje,2019-01-03T02:28:02.881Z,"8km N of Anchorage, Alaska",earthquake,,0.2,,,automatic,ak,ak
2019-01-03T00:59:00.463Z,60.0693,-152.9343,109.4,2.5,ml,,,,0.35,ak,ak0194yyory,2019-01-03T01:13:48.962Z,"47km SSW of Redoubt Volcano, Alaska",earthquake,,0.9,,,automatic,ak,ak
2019-01-03T00:48:08.550Z,28.261,104.9842,10,5.2,mb,,35,6.974,0.59,us,us2000izyd,2019-01-03T10:29:49.455Z,"24km WSW of Zhongcheng, China",earthquake,3.5,1.9,0.05,134,reviewed,us,us
2019-01-03T00:43:40.170Z,19.118,-64.263,71,3.51,md,8,345,1.862,0.29,pr,pr2019003002,2019-01-03T04:25:45.925Z,"86km NNE of Road Town, British Virgin Islands",earthquake,6.21,17.82,0.15,7,reviewed,pr,pr
2019-01-03T00:34:21.630Z,18.9793,-68.247,106,2.95,md,6,208,1.4967,0.29,pr,pr2019003001,2019-01-03T04:21:54.269Z,"47km NNE of Punta Cana, Dominican Republic",earthquake,5.22,3.6,0.34,6,reviewed,pr,pr
2019-01-03T00:29:48.890Z,-19.3775,-63.9384,602.09,4.3,mb,,22,4.965,0.52,us,us2000izya,2019-01-03T00:44:01.040Z,"38km ESE of Padilla, Bolivia",earthquake,8,7.2,0.116,21,reviewed,us,us
2019-01-03T00:04:09.610Z,18.0693,-68.9171,101,3.92,md,23,201,0.6962,0.64,pr,pr2019003000,2019-01-03T00:27:48.114Z,"11km NE of La Romana, Dominican Republic",earthquake,5.91,4.16,0.35,17,reviewed,pr,pr
2019-01-03T00:03:08.010Z,-55.765,-26.9926,10,5.1,mb,,81,5.66,0.86,us,us2000izy7,2019-01-03T00:22:05.040Z,"104km N of Visokoi Island, South Georgia and the South Sandwich Islands",earthquake,10.9,1.9,0.093,38,reviewed,us,us
2019-01-02T23:29:07.510Z,19.0833,-66.8636,24,2.78,md,7,323,0.6637,0.37,pr,pr2019002012,2019-01-03T04:20:39.605Z,"66km NNE of Isabela, Puerto Rico",earthquake,2.23,22.38,0.1,7,reviewed,pr,pr
2019-01-02T20:30:02.910Z,53.6037,159.1503,19.99,4.1,mb,,159,0.654,0.33,us,us2000izxc,2019-01-02T22:08:32.040Z,"69km NE of Yelizovo, Russia",earthquake,10.7,7.5,0.214,8,reviewed,us,us
2019-01-02T20:06:28.620Z,35.8429985,-120.3945007,6.26,2.87,md,55,78,0.03522,0.08,nc,nc73129456,2019-01-02T21:14:03.146Z,"7km SSE of Parkfield, CA",earthquake,0.17,0.3,0.14,53,automatic,nc,nc
2019-01-02T20:03:24.349Z,61.395,-150.1224,20.1,3,ml,,,,1.06,ak,ak0193n0256,2019-01-03T20:05:36.264Z,"16km SSW of Big Lake, Alaska",earthquake,,0.4,,,automatic,ak,ak
2019-01-02T15:47:03.600Z,38.5778333,-112.2591667,7.36,2.91,ml,29,63,0.08264,0.27,uu,uu60308782,2019-01-02T22:14:58.040Z,"13km WSW of Monroe, Utah",earthquake,0.38,0.8,0.151,17,reviewed,uu,uu
2019-01-02T15:39:32.120Z,28.102,54.2034,10,4.3,mb,,62,3.618,0.92,us,us2000izui,2019-01-02T22:11:21.040Z,"48km NNW of Lar, Iran",earthquake,7,1.9,0.091,34,reviewed,us,us
2019-01-02T15:16:03.536Z,61.29,-149.9483,35.4,4.2,ml,,,,0.88,ak,ak0193k3hc7,2019-01-03T18:59:26.616Z,"9km NNW of Anchorage, Alaska",earthquake,,0.4,,,reviewed,ak,ak
2019-01-02T14:26:06.620Z,-9.6038,117.9874,60.02,4.9,mb,,87,3.952,0.91,us,us2000izub,2019-01-02T21:10:06.625Z,"89km S of Boal Atas, Indonesia",earthquake,8.3,6.7,0.104,29,reviewed,us,us
2019-01-02T13:40:23.730Z,-6.5049,103.6054,34.42,5,mb,,83,2.226,0.77,us,us2000izty,2019-01-02T13:56:29.040Z,"138km SSW of Biha, Indonesia",earthquake,7.4,5.5,0.077,54,reviewed,us,us
2019-01-02T13:36:01.230Z,5.5574,126.349,55.54,4.6,mb,,152,1.686,0.68,us,us2000iztz,2019-01-02T14:00:32.040Z,"87km ESE of Caburan, Philippines",earthquake,9.5,9.1,0.119,21,reviewed,us,us
2019-01-02T13:03:08.160Z,54.7969,164.6045,10,4.5,mb,,163,3.944,0.51,us,us2000iztm,2019-01-02T13:17:49.040Z,"99km WSW of Nikol'skoye, Russia",earthquake,10,1.9,0.109,25,reviewed,us,us
2019-01-02T11:15:31.332Z,61.4919,-150.0419,20.4,3,ml,,,,0.91,ak,ak0193hpquq,2019-01-03T11:18:59.817Z,"5km SW of Big Lake, Alaska",earthquake,,0.3,,,automatic,ak,ak
2019-01-02T11:12:15.241Z,61.5319,-149.9676,29.7,3.1,ml,,,,0.61,ak,ak0193hp2cu,2019-01-03T11:14:40.261Z,"4km SW of Big Lake, Alaska",earthquake,,0.4,,,reviewed,ak,ak
2019-01-02T11:04:02.110Z,19.1483,-65.4891,39,2.66,md,5,328,1.2495,0.16,pr,pr2019002011,2019-01-02T16:31:59.524Z,"87km NNE of Vieques, Puerto Rico",earthquake,1.9,11.55,0.41,4,reviewed,pr,pr
2019-01-02T09:36:16.090Z,18.9221,-65.6495,49,3.21,md,13,301,0.8051,0.36,pr,pr2019002010,2019-01-02T11:37:42.884Z,"58km NNE of Vieques, Puerto Rico",earthquake,3.19,8.31,0.26,11,reviewed,pr,pr
2019-01-02T08:48:04.697Z,61.9074,-150.9022,62.2,2.6,ml,,,,0.45,ak,ak0193g4giu,2019-01-02T09:03:59.539Z,"48km WNW of Willow, Alaska",earthquake,,0.7,,,automatic,ak,ak
2019-01-02T07:59:51.340Z,-2.1004,138.9693,46.76,5,mb,,108,6.763,0.77,us,us2000izsn,2019-01-04T00:45:22.154Z,"188km WNW of Abepura, Indonesia",earthquake,8.9,5.8,0.093,37,reviewed,us,us
2019-01-02T07:57:29.890Z,29.4174,51.3666,10,4.8,mb,,69,6.196,1.2,us,us2000izsm,2019-01-02T14:41:55.870Z,"22km NE of Borazjan, Iran",earthquake,7.4,1.9,0.065,74,reviewed,us,us
2019-01-02T07:40:20.200Z,18.8445,-68.5081,50,3.07,md,8,306,0.354,0.51,pr,pr2019002009,2019-01-02T11:37:09.340Z,"26km NE of Otra Banda, Dominican Republic",earthquake,6.71,4.88,0.27,7,reviewed,pr,pr
2019-01-02T07:13:10.114Z,61.3712,-149.9968,20.2,2.7,ml,,,,0.92,ak,ak0193fbjbl,2019-01-02T07:30:49.654Z,"16km S of Big Lake, Alaska",earthquake,,0.4,,,automatic,ak,ak
2019-01-02T06:48:43.493Z,58.3506,-153.2009,62.1,4.8,ml,,,,0.58,ak,ak0193exoam,2019-01-03T05:43:38.463Z,"74km NNW of Kodiak Station, Alaska",earthquake,,0.5,,,reviewed,ak,ak
2019-01-02T06:40:31.910Z,36.0975,-97.8831,5,2.6,mb_lg,,42,0.166,0.21,us,us2000izs5,2019-01-02T22:03:35.381Z,"1km SE of Hennessey, Oklahoma",earthquake,1,1.9,0.104,24,reviewed,us,us
2019-01-02T06:37:09.986Z,62.6335,-152.1721,0,2.6,ml,,,,0.98,ak,ak0193ev8x4,2019-01-02T14:39:41.069Z,"111km WNW of Talkeetna, Alaska",earthquake,,0.4,,,automatic,ak,ak
2019-01-02T06:09:14.540Z,18.9113,-68.7376,13,2.93,md,16,206,0.5337,0.46,pr,pr2019002008,2019-01-02T09:57:35.153Z,"29km NNW of Otra Banda, Dominican Republic",earthquake,2.15,2.37,0.47,12,reviewed,pr,pr
2019-01-02T06:03:14.960Z,19.311,-64.9981,37,3.09,md,12,334,1.4457,0.2,pr,pr2019002007,2019-01-02T08:38:00.853Z,"106km NNW of Road Town, British Virgin Islands",earthquake,1.74,13.2,0.43,11,reviewed,pr,pr
2019-01-02T04:28:37.200Z,18.4403,-66.1853,84,2.78,md,13,215,0.3331,0.26,pr,pr2019002005,2019-01-02T08:36:28.166Z,"1km SSW of Levittown, Puerto Rico",earthquake,1.73,1.09,0.23,12,reviewed,pr,pr
2019-01-02T03:50:42.635Z,62.2694,-150.9361,70.3,2.6,ml,,,,0.48,ak,ak0193d5sug,2019-01-02T06:13:22.040Z,"43km W of Talkeetna, Alaska",earthquake,,0.7,,,automatic,ak,ak
2019-01-02T03:49:11.160Z,15.6562,-94.5233,35,4.1,mb,,204,2.378,1.08,us,us2000izrt,2019-01-02T06:11:16.040Z,"65km SSE of San Francisco del Mar, Mexico",earthquake,4.2,2,0.098,28,reviewed,us,us
2019-01-02T03:12:54.880Z,42.5127,104.3937,10,5,mb,,59,5.506,0.71,us,us2000izrq,2019-01-02T20:07:26.197Z,"71km WSW of Sangiyn Dalay, Mongolia",earthquake,9.7,1.9,0.05,128,reviewed,us,us
2019-01-02T02:50:16.631Z,61.3905,-149.9165,17.6,3.3,ml,,,,0.81,ak,ak0193ckbcx,2019-01-03T02:52:26.254Z,"7km SE of Big Lake, Alaska",earthquake,,0.4,,,automatic,ak,ak
2019-01-02T01:46:04.070Z,19.3331667,-155.1338333,3.19,2.55,ml,30,115,0.04727,0.11,hv,hv70754306,2019-01-02T21:51:21.040Z,"15km SE of Volcano, Hawaii",earthquake,0.32,0.93,0.165,33,reviewed,hv,hv
2019-01-02T01:40:46.170Z,36.4507,-96.8813,5.4,3.2,ml,,73,,0.23,us,us2000izra,2019-01-02T23:44:12.040Z,"14km NNW of Pawnee, Oklahoma",earthquake,1.4,2.7,0.223,23,reviewed,ok,ok
2019-01-02T01:22:45.320Z,18.8945,-64.7678,42,3.09,md,5,344,1.3171,0.47,pr,pr2019002001,2019-01-02T21:46:28.040Z,"52km N of Road Town, British Virgin Islands",earthquake,7.43,27.4,0.18,4,reviewed,pr,pr
2019-01-02T00:41:36.180Z,36.3699989,-121.4905014,7.72,2.81,md,59,117,0.05257,0.12,nc,nc73129231,2019-01-03T11:04:25.761Z,"16km SSW of Gonzales, CA",earthquake,0.27,0.58,0.14,60,automatic,nc,nc
2019-01-01T23:46:04.080Z,36.8110008,-121.5358353,4.61,2.57,md,40,45,0.0309,0.08,nc,nc73129226,2019-01-04T04:42:27.102Z,"4km S of San Juan Bautista, CA",earthquake,0.18,0.3,0.13,42,automatic,nc,nc
2019-01-01T22:59:54.880Z,40.8868332,-123.4974976,20.31,3.41,ml,50,38,0.1787,0.39,nc,nc73129211,2019-01-04T02:23:33.781Z,"13km ESE of Willow Creek, CA",earthquake,0.71,1.68,0.305,13,automatic,nc,nc
2019-01-01T22:39:21.290Z,26.3092,-110.7108,10,4.1,mb,,142,1.698,1.17,us,us2000izqm,2019-01-03T06:45:14.040Z,"71km ENE of Loreto, Mexico",earthquake,5.5,1.9,0.234,5,reviewed,us,us
2019-01-01T22:05:39.690Z,35.742,140.1849,69.86,4.4,mb,,159,1.792,0.57,us,us2000izq7,2019-01-03T06:38:52.040Z,"5km WNW of Sakura, Japan",earthquake,6.5,9,0.117,21,reviewed,us,us
2019-01-01T21:47:43.580Z,18.4648,-68.4693,116,2.94,md,5,182,0.1007,0.5,pr,pr2019001007,2019-01-03T06:29:06.040Z,"25km SSE of Boca de Yuma, Dominican Republic",earthquake,10.09,3.55,0.48,4,reviewed,pr,pr
2019-01-01T20:24:36.150Z,-2.472,99.6263,10,5.1,mb,,123,3.816,1.17,us,us2000izpf,2019-01-02T19:18:48.040Z,"107km SSE of Muara Siberut, Indonesia",earthquake,7.5,1.8,0.064,78,reviewed,us,us
2019-01-01T19:55:32.190Z,18.4561,-68.8325,118,3.38,md,5,204,0.4548,0.17,pr,pr2019001006,2019-01-02T19:02:50.040Z,"5km NE of Guaymate, Dominican Republic",earthquake,8.51,1.5,0.18,3,reviewed,pr,pr
2019-01-01T19:22:46.160Z,-10.5218,108.4782,10,4.4,mb,,44,2.779,0.98,us,us2000izp9,2019-01-02T18:56:35.040Z,"299km S of Citotok, Indonesia",earthquake,8.4,1.9,0.093,37,reviewed,us,us
2019-01-01T18:42:28.690Z,18.3798,-68.0563,87,2.57,md,7,177,0.3517,0.42,pr,pr2019001005,2019-01-02T17:58:11.040Z,"44km SE of Punta Cana, Dominican Republic",earthquake,6.65,2.78,0.36,6,reviewed,pr,pr
2019-01-01T18:37:46.980Z,41.9249,13.5165,16.18,4.3,mb,,31,0.302,0.98,us,us2000izp2,2019-01-02T17:35:07.051Z,"3km SSW of Trasacco, Italy",earthquake,4.9,5.1,0.09,36,reviewed,us,us
2019-01-01T18:17:45.150Z,16.6594,-86.1453,10,4.3,mb,,43,2.806,0.98,us,us2000izny,2019-01-02T17:24:47.040Z,"38km NW of Guanaja, Honduras",earthquake,7,2,0.072,55,reviewed,us,us
2019-01-01T17:48:27.636Z,61.4986,-149.9221,27.3,3.7,ml,,,,0.67,ak,ak0191xy282,2019-01-03T05:14:30.834Z,"3km SE of Big Lake, Alaska",earthquake,,0.4,,,reviewed,ak,ak
2019-01-01T17:37:13.998Z,61.338,-150.138,22.6,2.8,ml,,,,0.68,ak,ak0191xvoec,2019-01-02T17:00:09.040Z,"17km NNW of Anchorage, Alaska",earthquake,,0.3,,,automatic,ak,ak
2019-01-01T16:39:16.640Z,29.4424,51.2714,10,4.5,mb,,71,6.273,0.98,us,us2000iznl,2019-01-01T18:27:21.040Z,"20km NNE of Borazjan, Iran",earthquake,5,1.8,0.081,45,reviewed,us,us
2019-01-01T16:25:37.050Z,-9.5315,122.7267,70.13,5,mb,,57,1.012,1.07,us,us2000iznk,2019-01-01T23:20:24.692Z,"94km SSE of Habibola, Indonesia",earthquake,7.5,5.4,0.067,72,reviewed,us,us
2019-01-01T15:41:04.850Z,36.6923,71.0217,234.64,4.2,mb,,69,0.979,0.84,us,us2000iznh,2019-01-01T19:21:27.040Z,"25km SE of Jarm, Afghanistan",earthquake,7.7,6.3,0.186,8,reviewed,us,us
2019-01-01T13:37:40.339Z,56.3592,-153.9978,28.5,3.4,ml,,,,0.81,ak,ak0191vi02q,2019-01-01T18:44:15.040Z,"117km ENE of Chirikof Island, Alaska",earthquake,,0.2,,,reviewed,ak,ak
2019-01-01T13:34:51.100Z,14.0446,144.7296,189.36,4.4,mb,,99,0.472,1.11,us,us2000iznb,2019-01-01T18:16:35.040Z,"52km WSW of Rota, Northern Mariana Islands",earthquake,14,7.5,0.082,43,reviewed,us,us
2019-01-01T12:25:34.620Z,-10.5152,108.5251,10,4.9,mb,,63,2.825,0.98,us,us2000izmy,2019-01-01T12:43:35.040Z,"298km S of Citotok, Indonesia",earthquake,5.3,1.7,0.072,61,reviewed,us,us
2019-01-01T12:01:46.950Z,34.1781667,-117.3446667,8.88,2.5,ml,110,25,0.03332,0.15,ci,ci38412688,2019-01-04T02:19:57.520Z,"3km N of Muscoy, CA",earthquake,0.1,0.21,0.192,23,reviewed,ci,ci
2019-01-01T11:55:01.300Z,5.3473,94.5547,40.2,4.9,mww,,136,2.385,0.92,us,us2000izmv,2019-01-01T16:29:50.213Z,"88km WSW of Banda Aceh, Indonesia",earthquake,7.2,5.6,0.075,17,reviewed,us,us
2019-01-01T11:40:05.910Z,34.7591,23.8408,10,4.8,mb,,72,1.009,1.07,us,us2000izms,2019-01-01T11:54:59.040Z,"54km SSE of Palaiochora, Greece",earthquake,4.2,1.8,0.071,61,reviewed,us,us
2019-01-01T11:22:00.110Z,18.2185,-67.0878,77,2.5,md,11,169,0.0428,0.08,pr,pr2019001002,2019-01-01T16:06:05.963Z,"5km ENE of Mayaguez, Puerto Rico",earthquake,0.61,0.64,0.47,9,reviewed,pr,pr
2019-01-01T11:12:52.960Z,55.8447,-149.3305,6.92,3.9,mb,,163,2.64,0.63,us,us2000izmr,2019-01-01T11:31:32.040Z,"286km SE of Kodiak, Alaska",earthquake,4.7,7.7,0.163,10,reviewed,us,us
2019-01-01T10:55:41.761Z,69.7023,-144.2319,17.9,2.8,ml,,,,0.97,ak,ak0191ttk5c,2019-01-01T11:13:12.796Z,"53km SSW of Kaktovik, Alaska",earthquake,,0.5,,,automatic,ak,ak
2019-01-01T08:19:05.306Z,61.531,-149.7923,28.6,2.8,ml,,,,0.59,ak,ak0191sewcf,2019-01-01T08:50:24.813Z,"8km E of Big Lake, Alaska",earthquake,,0.3,,,automatic,ak,ak
2019-01-01T07:02:44.730Z,18.7066,-67.5186,10,2.87,md,18,190,0.3246,0.38,pr,pr2019001000,2019-01-01T07:40:28.454Z,"49km NW of Aguadilla, Puerto Rico",earthquake,1.08,1.06,0.42,15,reviewed,pr,pr
2019-01-01T06:34:48.710Z,5.9249,126.8896,76.91,4.3,mb,,126,1.729,0.59,us,us2000izlf,2019-01-01T07:15:50.040Z,"92km ESE of Pondaguitan, Philippines",earthquake,7.9,9.7,0.137,15,reviewed,us,us
2019-01-01T06:18:25.158Z,57.3547,-158.1729,35.6,3.1,ml,,,,0.85,ak,ak0191r7unc,2019-01-01T06:33:33.284Z,"127km NNE of Chignik Lake, Alaska",earthquake,,4.3,,,automatic,ak,ak
2019-01-01T05:58:52.500Z,-20.8201,-177.7511,477.71,4.8,mb,,49,5.006,0.87,us,us2000izl5,2019-01-01T06:20:36.040Z,"100km E of Ndoi Island, Fiji",earthquake,11.9,6.6,0.058,90,reviewed,us,us
2019-01-01T04:19:17.300Z,8.5769,125.8473,43.69,4.6,mb,,114,1.52,0.44,us,us2000izkx,2019-01-01T06:33:25.637Z,"2km SSE of Aurora, Philippines",earthquake,10.1,8,0.098,31,reviewed,us,us
2019-01-01T03:47:49.850Z,19.544,-65.0353,50,3.32,md,10,335,1.6208,0.27,pr,pr2019001001,2019-01-01T09:45:11.152Z,"132km NNW of Road Town, British Virgin Islands",earthquake,3.52,17.81,0.23,8,reviewed,pr,pr
2019-01-01T03:03:30.603Z,61.2962,-149.9469,43.4,5,ml,,,,0.62,ak,ak0191pccr7,2019-01-03T15:31:26.472Z,"11km NNW of Anchorage, Alaska",earthquake,,0.3,,,reviewed,ak,ak
2019-01-01T03:00:42.600Z,5.7808,126.9647,73.72,4.6,mb,,114,1.88,0.83,us,us2000izkm,2019-01-01T03:31:31.040Z,"108km SE of Pondaguitan, Philippines",earthquake,8.1,6.6,0.101,29,reviewed,us,us
2019-01-01T02:09:36.510Z,39.3123,40.5488,10,4.1,mb,,57,1.384,0.79,us,us2000izk9,2019-01-01T03:28:05.040Z,"13km S of Yedisu, Turkey",earthquake,4.1,2,0.174,9,reviewed,us,us
2019-01-01T01:03:15.850Z,37.0529,20.6773,10,4.1,mb,,187,1.005,0.8,us,us2000izk5,2019-01-01T03:25:05.040Z,"74km S of Lithakia, Greece",earthquake,8.4,2,0.262,5,reviewed,us,us
2019-01-01T00:32:16.904Z,60.6511,-147.471,10.7,2.5,ml,,,,0.69,ak,ak0191nq8po,2019-01-01T01:30:39.673Z,"67km E of Whittier, Alaska",earthquake,,0.3,,,automatic,ak,ak
2019-01-01T00:04:06.390Z,-14.9403,167.3356,47.33,4.9,mb,,162,7.143,1,us,us2000izjv,2019-01-01T00:31:44.040Z,"33km ENE of Port-Olry, Vanuatu",earthquake,10.3,6.3,0.09,39,reviewed,us,us
2018-12-31T23:54:07.510Z,17.8803,-68.501,72,3.35,md,13,232,0.6448,0.37,pr,pr2018365018,2019-01-04T04:09:32.040Z,"50km SSE of Boca de Yuma, Dominican Republic",earthquake,3.52,4.75,0.21,10,reviewed,pr,pr
2018-12-31T23:09:27.020Z,3.1661,126.5518,35,4.7,mb,,66,2.513,1.39,us,us2000izji,2019-01-04T05:45:05.040Z,"227km NW of Tobelo, Indonesia",earthquake,7.4,1.9,0.055,102,reviewed,us,us
2018-12-31T22:57:42.372Z,61.3533,-150.1148,20.1,3.2,ml,,,,0.83,ak,ak20616897,2019-01-01T23:00:04.333Z,"18km NW of Anchorage, Alaska",earthquake,,0.3,,,automatic,ak,ak
2018-12-31T21:53:36.810Z,35.7239,140.8271,54.88,4.2,mb,,160,2.141,0.56,us,us2000izik,2018-12-31T22:20:14.040Z,"1km SSW of Hasaki, Japan",earthquake,8.6,7.4,0.124,18,reviewed,us,us
2018-12-31T20:45:31.020Z,15.2791,-46.3283,10,5,mb,,74,11.861,1.09,us,us2000izi5,2018-12-31T22:06:38.040Z,"Northern Mid-Atlantic Ridge",earthquake,10.4,1.9,0.039,209,reviewed,us,us
2018-12-31T20:22:15.900Z,-17.5085,-174.67,170.91,5.1,mb,,51,4.534,1.38,us,us2000izi1,2018-12-31T20:40:16.040Z,"145km NNW of Neiafu, Tonga",earthquake,7.8,6.9,0.04,200,reviewed,us,us
2018-12-31T17:48:27.320Z,19.4993,-64.5981,57,3.42,md,9,320,1.8456,0.22,pr,pr2018365015,2018-12-31T19:21:15.815Z,"119km N of Road Town, British Virgin Islands",earthquake,3.7,15.53,0.08,5,reviewed,pr,pr
2018-12-31T15:48:07.150Z,37.9886,69.7004,28.81,4,mb,,83,0.374,0.74,us,us2000izgg,2018-12-31T16:12:02.040Z,"10km NW of Kulob, Tajikistan",earthquake,4.8,8,0.259,4,reviewed,us,us
2018-12-31T15:45:34.970Z,33.9173333,-117.035,15.09,2.79,ml,132,17,0.04543,0.16,ci,ci38411808,2019-01-04T00:23:36.720Z,"6km WSW of Beaumont, CA",earthquake,0.11,0.18,0.167,24,reviewed,ci,ci
2018-12-31T14:23:06.835Z,61.3537,-150.0749,35.7,3.1,ml,,,,0.55,ak,ak20611208,2019-01-01T18:04:32.263Z,"17km NNW of Anchorage, Alaska",earthquake,,0.9,,,reviewed,ak,ak
2018-12-31T14:10:25.200Z,37.4856,141.4451,43.26,5.1,mww,,106,0.645,0.67,us,us2000izfu,2018-12-31T17:15:56.594Z,"39km E of Namie, Japan",earthquake,3.2,5.5,0.073,18,reviewed,us,us
2018-12-31T14:05:22.070Z,2.659,128.5744,234.21,4.4,mb,,106,2.229,0.58,us,us2000izfv,2018-12-31T14:51:15.040Z,"120km NNE of Tobelo, Indonesia",earthquake,10.6,8,0.097,31,reviewed,us,us
2018-12-31T13:33:10.650Z,21.7196,93.4376,51.09,4.1,mb,,183,0.93,0.49,us,us2000izfp,2019-01-03T19:45:19.714Z,"97km SSE of Saiha, India",earthquake,9.7,9,0.174,9,reviewed,us,us
2018-12-31T13:15:17.910Z,-20.5543,-178.0087,522.98,4.7,mb,,92,4.655,0.78,us,us2000izfk,2018-12-31T14:25:01.040Z,"72km E of Ndoi Island, Fiji",earthquake,12.5,5.8,0.047,137,reviewed,us,us
2018-12-31T10:49:41.340Z,-31.7676,-69.3073,101.2,5.3,mww,,30,0.575,1.36,us,us2000izex,2018-12-31T20:57:26.284Z,"49km S of Calingasta, Argentina",earthquake,6.4,4,0.055,32,reviewed,us,us
2018-12-31T10:31:34.044Z,61.1198,-151.1701,71.3,3.7,ml,,,,0.63,ak,ak20608427,2019-01-01T04:13:30.620Z,"48km N of Nikiski, Alaska",earthquake,,0.4,,,reviewed,ak,ak
2018-12-31T10:21:22.880Z,44.5685,-110.4931667,2.52,2.75,ml,9,90,0.06605,0.09,uu,uu60016814,2019-01-02T17:51:20.756Z,"29km ENE of Old Faithful Geyser, Wyoming",earthquake,0.41,31.61,0.229,4,reviewed,uu,uu
2018-12-31T10:21:08.830Z,44.573,-110.4863333,4.89,2.6,md,18,73,0.06197,0.14,uu,uu60308677,2019-01-02T17:51:42.973Z,"29km ENE of Old Faithful Geyser, Wyoming",earthquake,0.32,0.65,0.532,7,reviewed,uu,uu
2018-12-31T10:13:30.900Z,17.3147,-93.8877,167.06,4.6,mb,,114,1.966,0.81,us,us2000izep,2018-12-31T20:20:25.658Z,"58km SW of Chontalpa, Mexico",earthquake,8.3,7.5,0.043,164,reviewed,us,us
2018-12-31T09:59:59.587Z,61.4672,-150.0209,22.9,3,ml,,,,0.78,ak,ak20608419,2019-01-01T18:30:47.997Z,"6km SSW of Big Lake, Alaska",earthquake,,0.3,,,automatic,ak,ak
2018-12-31T09:21:44.903Z,61.3588,-150.0894,21.5,2.7,ml,,,,0.8,ak,ak20608411,2018-12-31T09:44:21.702Z,"18km NNW of Anchorage, Alaska",earthquake,,0.3,,,automatic,ak,ak
2018-12-31T09:14:55.440Z,35.6691666,-121.1078339,5.56,2.75,md,45,133,0.139,0.07,nc,nc73128711,2018-12-31T09:51:03.347Z,"8km ENE of San Simeon, CA",earthquake,0.22,0.65,0.13,46,automatic,nc,nc
2018-12-31T07:52:24.230Z,39.206,20.9219,10,4.4,mb,,100,1.007,1.13,us,us2000izeb,2018-12-31T11:37:58.040Z,"2km ESE of Kampi, Greece",earthquake,3.3,1.9,0.088,37,reviewed,us,us
2018-12-31T07:49:44.680Z,18.9001,-67.375,22,2.78,md,7,328,0.5067,0.18,pr,pr2018365012,2018-12-31T14:34:27.190Z,"53km NNW of San Antonio, Puerto Rico",earthquake,1.39,12.55,0.33,6,reviewed,pr,pr
2018-12-31T07:45:39.020Z,18.4528,-66.5071,88,2.82,md,13,157,0.033,0.2,pr,pr2018365011,2018-12-31T14:51:13.389Z,"0km NE of La Luisa, Puerto Rico",earthquake,1.22,0.87,0.28,10,reviewed,pr,pr
2018-12-31T07:25:45.310Z,44.5718333,-110.5008333,4.79,2.7,ml,21,51,0.07195,0.13,uu,uu60308567,2019-01-02T15:36:17.906Z,"28km ENE of Old Faithful Geyser, Wyoming",earthquake,0.25,0.59,0.327,7,reviewed,uu,uu
2018-12-31T07:24:25.210Z,17.9135,-65.9036,12,2.75,md,15,269,0.1581,0.15,pr,pr2018365009,2018-12-31T08:47:32.040Z,"10km S of Emajagua, Puerto Rico",earthquake,0.89,0.52,0.59,14,reviewed,pr,pr
2018-12-31T06:06:51.800Z,18.8733,-64.4471,39,2.94,md,4,346,1.581,0.2,pr,pr2018365010,2018-12-31T08:35:21.040Z,"55km NNE of Road Town, British Virgin Islands",earthquake,3.84,16.14,0.34,4,reviewed,pr,pr
2018-12-31T05:56:39.692Z,61.7835,-152.6994,193.5,2.5,ml,,,,0.71,ak,ak20606625,2018-12-31T06:03:26.455Z,"140km W of Willow, Alaska",earthquake,,1.2,,,automatic,ak,ak
2018-12-31T05:39:01.314Z,60.0649,-152.6985,107.8,2.7,ml,,,,0.48,ak,ak20606616,2018-12-31T05:51:57.026Z,"46km S of Redoubt Volcano, Alaska",earthquake,,0.6,,,automatic,ak,ak
2018-12-31T05:11:36.940Z,-24.0007,-66.8659,192.34,4.2,mb,,34,1.594,1.11,us,us2000izdh,2018-12-31T13:14:29.061Z,"60km WNW of San Antonio de los Cobres, Argentina",earthquake,7.6,1.6,0.101,27,reviewed,us,us
2018-12-31T04:57:00.350Z,18.6258,-66.6083,13,2.51,md,8,250,0.3149,0.23,pr,pr2018365008,2018-12-31T07:43:12.612Z,"19km NNW of Garrochales, Puerto Rico",earthquake,1.43,3.07,0.26,7,reviewed,pr,pr
2018-12-31T04:16:58.717Z,61.4101,-150.0021,36.9,3.5,ml,,,,0.6,ak,ak20605723,2019-01-01T18:34:16.052Z,"5km SSW of Big Lake, Alaska",earthquake,,0.8,,,reviewed,ak,ak
2018-12-31T03:28:49.338Z,61.3905,-150.0252,21.4,3.8,ml,,,,0.88,ak,ak20604835,2019-01-01T18:31:26.676Z,"18km NNW of Anchorage, Alaska",earthquake,,0.7,,,reviewed,ak,ak
2018-12-31T03:17:28.030Z,19.3525,-155.0268333,4.05,3.32,ml,60,185,0.0674,0.13,hv,hv70752141,2019-01-03T23:10:41.040Z,"17km SW of Leilani Estates, Hawaii",earthquake,0.44,0.69,0.142,46,reviewed,hv,hv
2018-12-31T02:38:05.071Z,63.4214,-148.2447,10,2.7,ml,,,,0.71,ak,ak20603927,2018-12-31T10:40:35.962Z,"35km E of Cantwell, Alaska",earthquake,,0.4,,,automatic,ak,ak
2018-12-31T02:35:37.320Z,54.3874,-161.5066,31,6,mww,,44,0.981,1.06,us,us2000izcv,2019-01-02T06:58:00.234Z,"118km SE of Cold Bay, Alaska",earthquake,4.3,1.8,0.033,89,reviewed,us,us
2018-12-31T02:28:11.026Z,61.4577,-149.9451,29.8,3.6,ml,,,,0.6,ak,ak20603908,2019-01-01T02:30:38.500Z,"7km S of Big Lake, Alaska",earthquake,,0.4,,,reviewed,ak,ak
2018-12-31T01:47:53.800Z,18.1365,-68.4616,81,3.12,md,7,211,0.3858,0.34,pr,pr2018365004,2018-12-31T23:21:25.040Z,"36km SE of Boca de Yuma, Dominican Republic",earthquake,4.62,2.58,0.31,5,reviewed,pr,pr
2018-12-31T01:35:55.560Z,18.0031,-68.7418,13,3.25,md,13,233,0.6251,0.44,pr,pr2018365006,2018-12-31T23:15:55.040Z,"47km SSW of Boca de Yuma, Dominican Republic",earthquake,1.69,2.98,0.36,13,reviewed,pr,pr
2018-12-31T00:58:34.810Z,18.3808,-66.1335,85,2.47,md,5,224,0.3715,0.37,pr,pr2018365001,2018-12-31T07:36:37.805Z,"3km SE of Bayamon, Puerto Rico",earthquake,4.29,2.35,0.42,5,reviewed,pr,pr
2018-12-31T00:29:32.250Z,8.2995,58.6473,10,5.1,mb,,46,13.27,0.77,us,us2000izc4,2019-01-04T05:35:48.040Z,"Carlsberg Ridge",earthquake,10.1,1.8,0.073,61,reviewed,us,us
2018-12-31T00:28:44.190Z,8.2083,58.6662,10,5.2,mb,,70,13.186,0.91,us,us2000izc2,2019-01-04T05:34:16.040Z,"Carlsberg Ridge",earthquake,3.5,1.9,0.051,127,reviewed,us,us
2018-12-30T22:02:46.680Z,17.226,146.5832,35,4.6,mb,,69,3.975,0.71,us,us2000izaw,2018-12-30T23:12:29.040Z,"130km SE of Pagan, Northern Mariana Islands",earthquake,8.9,1.9,0.08,47,reviewed,us,us
2018-12-30T21:03:09.680Z,18.1316,-67.6465,67,2.77,md,6,311,0.5513,0.26,pr,pr2018364009,2018-12-30T23:13:24.520Z,"47km WSW of Rincon, Puerto Rico",earthquake,2.29,2.86,0.33,3,reviewed,pr,pr
2018-12-30T20:31:27.890Z,35.3284,-112.6093,5,3.2,ml,,66,0.284,0.71,us,us2000iza7,2018-12-31T19:00:40.438Z,"24km E of Seligman, Arizona",earthquake,1.4,1.9,0.06,36,reviewed,us,us
2018-12-30T20:07:28.636Z,59.6956,-153.2791,97.6,2.8,ml,,,,0.75,ak,ak20601297,2018-12-30T20:17:12.039Z,"81km W of Anchor Point, Alaska",earthquake,,0.6,,,automatic,ak,ak
2018-12-30T18:34:57.470Z,1.6162,126.4538,44.3,5,mww,,101,1.239,1.19,us,us2000iz9s,2018-12-30T18:52:55.040Z,"137km NW of Kota Ternate, Indonesia",earthquake,7.7,6.2,0.068,21,reviewed,us,us
2018-12-30T17:15:01.590Z,19.403,-65.7456,13,2.95,md,10,318,1.2651,0.13,pr,pr2018364007,2018-12-30T20:38:29.657Z,"108km N of Vieques, Puerto Rico",earthquake,6.38,9.01,0.33,7,reviewed,pr,pr
2018-12-30T17:06:18.080Z,64.5878,-160.3743,7,3.6,ml,,,,0.86,ak,ak20600418,2018-12-30T22:48:15.295Z,"104km NNE of Unalakleet, Alaska",earthquake,,0.4,,,reviewed,ak,ak
2018-12-30T16:18:22.160Z,33.0323333,-116.4341667,8.93,2.82,ml,111,17,0.04497,0.2,ci,ci38410936,2019-01-03T21:16:53.640Z,"16km ESE of Julian, CA",earthquake,0.11,0.34,0.184,25,reviewed,ci,ci
2018-12-30T15:07:37.420Z,-56.6167,-24.676,8.7,4.9,mb,,130,7.113,0.91,us,us2000iz92,2018-12-30T15:33:56.040Z,"155km E of Visokoi Island, South Georgia and the South Sandwich Islands",earthquake,13.8,6.5,0.117,23,reviewed,us,us
2018-12-30T14:40:08.990Z,35.3577,-112.6116,5,2.5,ml,,147,0.311,0.53,us,us2000iz8k,2018-12-30T21:22:09.897Z,"24km E of Seligman, Arizona",earthquake,2.8,2,0.071,26,reviewed,us,us
2018-12-30T14:28:13.100Z,17.6948,-95.6322,126.49,4,mb,,155,2.801,1.15,us,us2000iz8e,2018-12-30T15:02:22.040Z,"24km SE of Playa Vicente, Mexico",earthquake,13.3,21.9,0.096,29,reviewed,us,us
2018-12-30T14:26:35.290Z,38.3529,133.8298,434.7,4.7,mb,,29,3.502,0.7,us,us2000iz8c,2018-12-30T20:08:49.040Z,"Sea of Japan",earthquake,10.3,6.9,0.038,217,reviewed,us,us
2018-12-30T14:19:10.440Z,-5.4769,148.1672,205.06,4.8,mb,,49,3.503,0.84,us,us2000iz89,2018-12-30T15:03:45.040Z,"128km NNE of Finschhafen, Papua New Guinea",earthquake,6.5,7.5,0.096,34,reviewed,us,us
2018-12-30T13:33:15.050Z,35.8,27.3471,10,4.2,mb,,113,0.294,1.39,us,us2000iz81,2018-12-31T11:12:19.872Z,"34km NNE of Karpathos, Greece",earthquake,5.5,2,0.152,12,reviewed,us,us
2018-12-30T12:51:26.010Z,54.9089,164.3507,10,4.7,mb,,162,3.86,0.49,us,us2000iz7v,2018-12-30T13:07:47.040Z,"109km WSW of Nikol'skoye, Russia",earthquake,8,1.9,0.096,33,reviewed,us,us
2018-12-30T12:38:52.373Z,56.899,-154.0752,58.7,2.8,ml,,,,0.39,ak,ak20596992,2018-12-30T12:50:50.040Z,"71km S of Larsen Bay, Alaska",earthquake,,1,,,automatic,ak,ak
2018-12-30T11:58:01.410Z,19.2363333,-155.3898333,31.11,2.45,ml,53,143,0.007337,0.12,hv,hv70751331,2019-01-02T21:28:42.240Z,"10km ENE of Pahala, Hawaii",earthquake,0.43,0.61,0.158,18,reviewed,hv,hv
2018-12-30T11:37:17.630Z,69.5125,-144.8155,10,2.7,ml,,143,0.404,1.06,us,us2000iz7m,2018-12-30T12:54:12.040Z,"82km SW of Kaktovik, Alaska",earthquake,3.9,2,0.051,50,reviewed,us,us
2018-12-30T10:02:35.460Z,37.857,69.745,10,4.2,mb,,60,0.49,1.33,us,us2000iz69,2018-12-30T10:16:48.040Z,"7km SSW of Kulob, Tajikistan",earthquake,4.9,2,0.265,4,reviewed,us,us
2018-12-30T09:08:56.100Z,35.3307,-112.5913,5,3.1,ml,,83,0.291,0.32,us,us2000iz5k,2018-12-30T21:21:51.749Z,"26km E of Seligman, Arizona",earthquake,1.1,1.9,0.051,50,reviewed,us,us
2018-12-30T08:39:12.700Z,-2.657,102.3488,168.3,5.8,mww,,30,1.797,1.36,us,us2000iz50,2018-12-31T08:41:27.624Z,"91km NW of Lubuklinggau, Indonesia",earthquake,6.8,5.6,0.069,20,reviewed,us,us
2018-12-30T07:46:58.210Z,42.6795,-111.444,10.49,2.46,ml,11,194,0.21,0.13,uu,uu60308452,2019-01-02T21:13:04.160Z,"13km ENE of Soda Springs, Idaho",earthquake,1.2,1.34,0.207,4,reviewed,uu,uu
2018-12-30T07:14:10.328Z,69.5805,-144.966,9.2,4.5,ml,,,,0.67,ak,ak20593585,2018-12-30T16:28:23.040Z,"78km SW of Kaktovik, Alaska",earthquake,,0.6,,,reviewed,ak,ak
2018-12-30T06:51:02.870Z,-4.9341,145.3318,161.15,4.5,mb,,113,3.517,0.7,us,us2000iz4c,2018-12-30T08:24:04.040Z,"60km WNW of Madang, Papua New Guinea",earthquake,5.4,7.6,0.067,65,reviewed,us,us
2018-12-30T06:48:28.890Z,57.0615,-34.0007,10,4.9,mb,,61,7.167,0.92,us,us2000iz4a,2018-12-30T07:12:39.040Z,"Reykjanes Ridge",earthquake,8.6,1.9,0.04,193,reviewed,us,us
2018-12-30T06:19:31.710Z,18.758,-65.601,46,2.74,md,9,312,0.6639,0.22,pr,pr2018364003,2018-12-30T07:49:03.946Z,"44km NNE of Luquillo, Puerto Rico",earthquake,2,5.61,0.3,7,reviewed,pr,pr
2018-12-30T06:15:04.920Z,37.0205002,-121.857666,15.49,2.64,md,59,89,0.02998,0.17,nc,nc73128201,2018-12-31T07:53:12.602Z,"2km SSE of Day Valley, CA",earthquake,0.28,0.5,0.18,63,automatic,nc,nc
2018-12-30T06:00:09.630Z,8.2229,58.6182,10,5,mb,,117,16.789,0.75,us,us2000iz43,2018-12-30T06:26:37.040Z,"Carlsberg Ridge",earthquake,11.9,1.9,0.065,76,reviewed,us,us
2018-12-30T05:51:48.200Z,8.2647,58.5102,10,4.7,mb,,95,13.204,0.7,us,us2000iz41,2018-12-30T06:16:05.040Z,"Carlsberg Ridge",earthquake,11.1,1.9,0.078,50,reviewed,us,us
2018-12-30T05:29:13.780Z,19.3073,-67.7253,70,3.7,ml,19,249,0.9551,0.49,pr,pr2018364002,2018-12-30T06:41:02.542Z,"108km NNW of San Antonio, Puerto Rico",earthquake,3.93,7.97,0.36,19,reviewed,pr,pr
2018-12-30T05:16:11.500Z,35.4409,139.4392,114.44,4.1,mb,,203,1.281,0.51,us,us2000iz7b,2018-12-30T11:19:57.695Z,"4km SSW of Minami-rinkan, Japan",earthquake,9.2,9.7,0.131,16,reviewed,us,us
2018-12-30T04:48:44.210Z,38.279,73.5977,125.68,4.2,mb,,97,1.845,0.48,us,us2000iz3f,2018-12-30T05:20:26.040Z,"34km WNW of Murghob, Tajikistan",earthquake,4.1,10.9,0.141,14,reviewed,us,us
2018-12-30T04:48:33.050Z,-24.1289,-66.6789,194.44,4.5,mb,,54,1.807,1.31,us,us2000iz3d,2018-12-30T05:09:56.040Z,"37km WNW of San Antonio de los Cobres, Argentina",earthquake,6.4,8.2,0.08,46,reviewed,us,us
2018-12-30T04:10:55.740Z,-9.5262,118.9725,66.23,4.8,mb,,72,3.343,0.65,us,us2000iz2w,2018-12-30T04:30:31.040Z,"3km WNW of Kawangohari, Indonesia",earthquake,8.4,9,0.097,35,reviewed,us,us
2018-12-30T04:04:05.740Z,-18.1528,-176.6969,338.26,4.4,mb,,73,4.06,1.29,us,us2000iz30,2018-12-30T05:08:12.040Z,"291km W of Neiafu, Tonga",earthquake,6.8,7,0.107,25,reviewed,us,us
2018-12-30T02:56:22.070Z,64.1613,-21.0068,10,4.3,mb,,176,0.604,1.01,us,us2000iz6z,2018-12-30T16:02:02.790Z,"19km NNE of Hveragerdi, Iceland",earthquake,8.8,2,0.099,29,reviewed,us,us
2018-12-30T01:59:49.230Z,18.0853,-68.5223,76,3.18,md,7,217,1.4148,0.12,pr,pr2018364001,2018-12-30T05:46:17.040Z,"36km SSE of Boca de Yuma, Dominican Republic",earthquake,2.23,1.71,0.33,7,reviewed,pr,pr
2018-12-30T01:48:07.787Z,61.2947,-150.117,37.3,2.5,ml,,,,0.72,ak,ak20590276,2018-12-30T01:55:00.758Z,"14km NW of Anchorage, Alaska",earthquake,,0.9,,,automatic,ak,ak
2018-12-30T01:29:37.230Z,37.5188332,-118.4048309,10.84,2.8,ml,32,153,0.04229,0.05,nc,nc73128161,2018-12-31T18:41:20.078Z,"15km N of Dixon Lane-Meadow Creek, CA",earthquake,0.38,0.72,0.329,7,automatic,nc,nc
2018-12-30T01:03:23.790Z,36.5163,70.8125,194.75,4.2,mb,,80,1.218,0.93,us,us2000iz2e,2018-12-30T01:23:31.040Z,"38km S of Jarm, Afghanistan",earthquake,7.7,7.5,0.128,17,reviewed,us,us
2018-12-30T00:58:25.890Z,19.337,-155.1946667,6.17,3.03,ml,61,79,0.04154,0.1,hv,hv70750911,2019-01-01T01:27:02.560Z,"12km SSE of Volcano, Hawaii",earthquake,0.25,0.33,0.185,48,reviewed,hv,hv
2018-12-30T00:36:18.260Z,56.3533,-148.4866,17.59,4.6,mb,,140,2.656,0.88,us,us2000iz28,2018-12-30T00:54:32.049Z,"286km ESE of Kodiak, Alaska",earthquake,8.4,5.1,0.061,80,reviewed,us,us
2018-12-29T23:52:49.300Z,41.8801,12.824,10,2.9,ml,,79,0.748,1.2,us,us2000iz23,2018-12-30T15:57:59.238Z,"1km N of Gallicano nel Lazio, Italy",earthquake,3.1,2,0.057,40,reviewed,us,us
2018-12-29T23:22:29.640Z,-12.8097,45.4171,10,4.7,mb,,52,6.414,0.73,us,us2000iz1y,2018-12-29T23:43:12.040Z,"14km E of Pamandzi, Mayotte",earthquake,8.6,1.9,0.09,37,reviewed,us,us
2018-12-29T23:16:39.790Z,28.2306,55.5429,10,4.2,mb,,87,3.325,0.74,us,us2000iz1x,2018-12-29T23:38:40.040Z,"113km ESE of Darab, Iran",earthquake,7.2,1.9,0.087,37,reviewed,us,us
2018-12-29T22:04:55.180Z,-5.5149,147.3039,176.15,4.6,mb,,53,3.449,0.68,us,us2000iz1k,2018-12-29T22:21:37.040Z,"135km NNW of Finschhafen, Papua New Guinea",earthquake,8.9,8.6,0.114,23,reviewed,us,us
2018-12-29T21:48:03.900Z,30.78,-6.8181,10,3.2,mb,,192,2.561,0.73,us,us2000izb6,2018-12-30T22:40:53.280Z,"17km SSE of Ouarzazat, Morocco",earthquake,13,2,0.482,1,reviewed,us,us
2018-12-29T21:46:09.820Z,58.3563,-154.6715,0,2.5,ml,,,,0.84,ak,ak20587822,2018-12-29T22:36:06.040Z,"99km NNW of Larsen Bay, Alaska",earthquake,,0.3,,,automatic,ak,ak
2018-12-29T21:27:52.510Z,37.5698,20.773,10,4.5,mb,,130,0.997,1.2,us,us2000iz13,2018-12-29T22:48:13.040Z,"17km SSW of Lithakia, Greece",earthquake,6.5,2,0.156,12,reviewed,us,us
2018-12-29T21:27:43.520Z,61.476,-149.9715,25.3,2.5,ml,,,,0.68,ak,ak20587034,2018-12-29T22:44:18.541Z,"5km S of Big Lake, Alaska",earthquake,,0.4,,,automatic,ak,ak
2018-12-29T20:48:27.076Z,61.3758,-150.1452,20,2.5,ml,,,,0.9,ak,ak20586543,2018-12-29T21:32:22.285Z,"19km SSW of Big Lake, Alaska",earthquake,,0.3,,,automatic,ak,ak
2018-12-29T20:22:23.700Z,19.4203339,-155.2619934,-0.31,2.92,ml,43,64,0.002867,0.18,hv,hv70750696,2018-12-29T23:12:50.040Z,"2km WSW of Volcano, Hawaii",earthquake,0.22,0.14,2.85,24,automatic,hv,hv
2018-12-29T19:48:20.041Z,61.3919,-150.089,35.7,3.4,ml,,,,0.56,ak,ak20585752,2018-12-30T19:50:32.593Z,"16km SSW of Big Lake, Alaska",earthquake,,0.5,,,reviewed,ak,ak
2018-12-29T19:44:40.480Z,56.8558,-34.2527,10,4.7,mb,,79,7.197,0.38,us,us2000iyzy,2018-12-30T03:42:45.138Z,"Reykjanes Ridge",earthquake,9.6,1.9,0.067,68,reviewed,us,us
2018-12-29T19:27:57.520Z,45.5169,150.1859,109.89,4.6,mb,,142,5.349,0.97,us,us2000iz02,2018-12-29T20:21:27.040Z,"183km E of Kuril'sk, Russia",earthquake,5.2,9.1,0.119,23,reviewed,us,us
2018-12-29T19:08:30.250Z,42.2718,143.2251,58.28,5.5,mb,,49,0.261,0.93,us,us2000iyzj,2019-01-03T11:32:26.869Z,"71km S of Obihiro, Japan",earthquake,7.2,6.1,0.031,366,reviewed,us,us
2018-12-29T17:27:28.661Z,61.3608,-150.0962,34.7,3.4,ml,,,,0.94,ak,ak20584156,2019-01-02T16:05:37.040Z,"19km NNW of Anchorage, Alaska",earthquake,,0.6,,,reviewed,ak,ak
2018-12-29T16:31:21.490Z,-23.5232,-66.9619,231.19,4.5,mb,,50,1.255,0.62,us,us2000iyyl,2019-01-02T00:29:32.438Z,"101km NW of San Antonio de los Cobres, Argentina",earthquake,9.8,11.8,0.242,5,reviewed,us,us
2018-12-29T16:12:07.340Z,-2.2703,99.8079,18.95,4.8,mb,,168,2.858,0.67,us,us2000iyyf,2018-12-29T16:33:21.040Z,"99km SE of Muara Siberut, Indonesia",earthquake,8.4,4.1,0.105,28,reviewed,us,us
2018-12-29T15:34:36.480Z,-5.6117,151.7009,45.62,5.2,mww,,129,19.581,1.22,us,us2000iyy3,2018-12-29T15:52:58.040Z,"152km SSW of Kokopo, Papua New Guinea",earthquake,10.8,6.8,0.071,19,reviewed,us,us
2018-12-29T14:41:01.653Z,61.4437,-149.9979,19.7,2.5,ml,,,,0.81,ak,ak20582601,2018-12-29T14:53:47.260Z,"8km SSW of Big Lake, Alaska",earthquake,,0.5,,,automatic,ak,ak
2018-12-29T14:29:36.115Z,61.3587,-150.0981,20,2.5,ml,,,,0.9,ak,ak20582594,2018-12-29T16:37:45.223Z,"18km NW of Anchorage, Alaska",earthquake,,0.3,,,automatic,ak,ak
2018-12-29T14:27:24.060Z,46.6556,152.4787,57.02,4.6,mb,,106,6.678,0.98,us,us2000iyxj,2018-12-29T14:48:44.040Z,"Kuril Islands",earthquake,11.8,9.6,0.107,26,reviewed,us,us
2018-12-29T10:28:34.340Z,18.5833,-66.4148,100,2.69,md,9,228,0.4136,0.19,pr,pr2018363007,2018-12-29T13:11:12.839Z,"14km NNW of Sabana, Puerto Rico",earthquake,1.82,1.04,0.17,6,reviewed,pr,pr
2018-12-29T09:13:02.440Z,5.781,126.8976,67.61,5.3,mww,,44,1.831,0.8,us,us2000iyvy,2018-12-29T09:48:06.905Z,"102km SE of Pondaguitan, Philippines",earthquake,7.8,6,0.073,18,reviewed,us,us
2018-12-29T08:48:44.740Z,35.6524,-97.3999,5,2.5,mb_lg,,38,0.023,0.3,us,us2000iyvs,2018-12-31T04:38:40.647Z,"7km E of Edmond, Oklahoma",earthquake,1.2,1.8,0.096,28,reviewed,us,us
2018-12-29T08:23:16.820Z,0.8213,97.4286,28.04,4.7,mb,,165,0.501,0.43,us,us2000iyvj,2018-12-29T08:53:09.040Z,"181km SW of Sibolga, Indonesia",earthquake,9.8,6.9,0.102,29,reviewed,us,us
2018-12-29T08:15:26.160Z,1.0465,97.3153,23.38,5.1,mb,,102,0.364,0.82,us,us2000iyvg,2018-12-29T08:31:57.040Z,"180km WSW of Sibolga, Indonesia",earthquake,8,5.7,0.072,63,reviewed,us,us
2018-12-29T07:51:33.580Z,18.9371,-64.529,99,3.4,md,9,343,1.5407,0.31,pr,pr2018363004,2018-12-30T12:01:48.040Z,"62km NNE of Road Town, British Virgin Islands",earthquake,6.85,9.99,0.18,5,reviewed,pr,pr
2018-12-29T07:49:09.060Z,18.8695,-68.9431,131,3.09,md,7,204,0.6648,0.34,pr,pr2018363006,2018-12-29T13:08:42.150Z,"15km NE of Santa Cruz de El Seibo, Dominican Republic",earthquake,24.5,4.39,0.49,4,reviewed,pr,pr
2018-12-29T07:26:16.870Z,17.967,-65.2293,22,3.07,md,8,342,0.6438,0.34,pr,pr2018363005,2018-12-30T12:07:18.040Z,"17km SE of Esperanza, Puerto Rico",earthquake,5.88,26.96,0.2,6,reviewed,pr,pr
2018-12-29T06:52:53.810Z,17.8108,-68.3368,111,3,md,6,233,0.7045,0.28,pr,pr2018363003,2018-12-30T12:08:40.040Z,"67km SSE of Boca de Yuma, Dominican Republic",earthquake,5.54,4.059,0.43,6,reviewed,pr,pr
2018-12-29T06:31:18.266Z,61.3667,-150.1252,35.6,2.6,ml,,,,0.76,ak,ak20578005,2018-12-30T12:11:28.040Z,"19km SSW of Big Lake, Alaska",earthquake,,1,,,automatic,ak,ak
2018-12-29T04:05:57.670Z,36.0998,-97.8721,3.1,2.9,mb_lg,,33,0.382,0.2,us,us2000iytp,2019-01-02T21:50:13.360Z,"2km ESE of Hennessey, Oklahoma",earthquake,1.1,5,0.106,23,reviewed,us,us
2018-12-29T03:39:09.390Z,5.9735,126.8283,60.06,7,mww,,21,1.651,1.32,us,us2000iyta,2018-12-31T12:44:31.676Z,"83km ESE of Pondaguitan, Philippines",earthquake,7.2,3.2,0.038,67,reviewed,us,us
2018-12-29T03:16:43.020Z,60.1421,-140.5711,0.8,2.7,ml,,,,0.93,ak,ak20575779,2018-12-29T03:30:59.367Z,"81km NW of Yakutat, Alaska",earthquake,,0.3,,,automatic,ak,ak
2018-12-29T02:56:46.360Z,19.5,-65.7375,27,3.21,md,13,286,1.3625,0.32,pr,pr2018363002,2018-12-30T05:42:23.040Z,"110km N of Suarez, Puerto Rico",earthquake,1.47,25.83,0.22,12,reviewed,pr,pr
2018-12-28T23:22:15.470Z,18.6601,-66.051,2,2.63,md,4,335,0.7697,0.13,pr,pr2018362017,2018-12-31T03:03:02.040Z,"43km NNE of San Juan, Puerto Rico",earthquake,4.45,3.27,0.12,4,reviewed,pr,pr
2018-12-28T23:07:27.873Z,61.5621,-149.5226,21.4,2.5,ml,,,,0.74,ak,ak20574991,2019-01-04T05:09:01.040Z,"4km WSW of Wasilla, Alaska",earthquake,,0.4,,,automatic,ak,ak
2018-12-28T22:40:19.950Z,-22.0976,-179.3699,588.55,4.8,mb,,27,4.962,0.83,us,us2000iyrw,2018-12-30T06:41:29.040Z,"174km SSW of Ndoi Island, Fiji",earthquake,5.9,6.5,0.052,116,reviewed,us,us
2018-12-28T22:36:21.840Z,34.4948333,-116.5225,2.74,2.45,ml,49,47,0.2335,0.16,ci,ci38409344,2019-01-03T01:04:18.244Z,"39km NE of Big Bear City, CA",earthquake,0.14,0.61,0.118,92,reviewed,ci,ci
2018-12-28T21:35:20.910Z,19.3356667,-155.1956667,6.44,2.62,ml,58,79,0.04229,0.09,hv,hv70749511,2019-01-04T05:04:41.040Z,"11km SSE of Volcano, Hawaii",earthquake,0.25,0.34,0.183,39,reviewed,hv,hv
2018-12-28T21:27:56.881Z,38.3841,-118.9127,8.5,2.6,ml,25,56.72,0.137,0.2175,nn,nn00672271,2019-01-04T05:03:27.040Z,"29km WSW of Hawthorne, Nevada",earthquake,,1.6,0.42,11,reviewed,nn,nn
2018-12-28T20:35:59.280Z,29.7125,129.9293,96.76,4.4,mb,,118,3.216,1.39,us,us2000iyqp,2018-12-29T17:56:25.040Z,"153km SW of Nishinoomote, Japan",earthquake,6.8,6.7,0.088,40,reviewed,us,us
2018-12-28T20:33:29.670Z,-19.86,-69.1038,98.93,4.3,mb,,70,0.208,1.13,us,us2000iyqb,2018-12-29T17:49:46.091Z,"115km ENE of Iquique, Chile",earthquake,5.8,7.5,0.137,21,reviewed,us,us
2018-12-28T20:20:12.250Z,-9.0434,-108.3954,10,4.8,mb,,180,29.983,0.81,us,us2000iyqg,2018-12-29T17:42:22.040Z,"Central East Pacific Rise",earthquake,5.3,1.9,0.058,92,reviewed,us,us
2018-12-28T19:21:20.290Z,19.5571,-65.3945,75,3.62,md,9,304,1.7437,0.32,pr,pr2018362016,2018-12-29T17:37:46.040Z,"126km NNE of Vieques, Puerto Rico",earthquake,4.47,12.47,0.13,6,reviewed,pr,pr
2018-12-28T19:02:02.242Z,60.2687,-153.8538,186.6,2.5,ml,,,,0.63,ak,ak20573529,2018-12-28T19:07:25.273Z,"65km WSW of Redoubt Volcano, Alaska",earthquake,,0.9,,,automatic,ak,ak
2018-12-28T18:51:00.520Z,54.9224,164.6226,10,4.8,mb,,72,4.007,0.58,us,us2000iypn,2018-12-29T17:31:28.040Z,"92km WSW of Nikol'skoye, Russia",earthquake,10.8,1.9,0.046,144,reviewed,us,us
2018-12-28T17:05:53.670Z,-17.9759,-178.0103,590.34,4.3,mb,,81,3.649,0.92,us,us2000iyne,2018-12-29T17:27:46.040Z,"Fiji region",earthquake,6.8,6.7,0.063,71,reviewed,us,us
2018-12-28T16:44:17.850Z,-20.1492,-177.5512,511.5,4.6,mb,,102,4.798,0.8,us,us2000iyn6,2018-12-28T17:01:07.040Z,"132km ENE of Ndoi Island, Fiji",earthquake,14.9,9.9,0.076,52,reviewed,us,us
2018-12-28T14:36:44.230Z,-21.2679,171.5029,10,4.8,mb,,265,4.773,0.6,us,us2000iymk,2018-12-28T15:05:10.040Z,"137km NNW of Ile Hunter, New Caledonia",earthquake,9.8,2,0.139,16,reviewed,us,us
2018-12-28T13:49:35.740Z,18.617,-66.4595,59,2.72,md,10,232,0.3998,0.16,pr,pr2018362015,2018-12-28T16:50:52.737Z,"17km N of Tierras Nuevas Poniente, Puerto Rico",earthquake,1.17,1.32,0.12,8,reviewed,pr,pr
2018-12-28T13:03:33.090Z,44.1998,148.5833,49.35,5.5,mb,,129,4.311,0.92,us,us2000iym6,2018-12-28T17:38:59.040Z,"127km SSE of Kuril'sk, Russia",earthquake,8.3,6.2,0.03,397,reviewed,us,us
2018-12-28T12:32:28.980Z,36.3841,-98.3864,5,3,mb_lg,,45,0.346,0.31,us,us2000iym1,2019-01-03T03:27:13.721Z,"15km NNE of Fairview, Oklahoma",earthquake,0.7,1.9,0.066,59,reviewed,us,us
2018-12-28T11:46:59.450Z,15.2485,120.7066,142.72,4.6,mb,,65,7.537,0.61,us,us2000iylj,2018-12-29T07:35:52.536Z,"2km N of Santo Nino, Philippines",earthquake,10.3,7.8,0.056,95,reviewed,us,us
2018-12-28T11:29:10.088Z,61.3374,-150.0817,36.6,2.6,ml,,,,0.77,ak,ak20569300,2018-12-28T20:58:54.245Z,"16km NW of Anchorage, Alaska",earthquake,,0.9,,,automatic,ak,ak
2018-12-28T09:57:19.930Z,54.9025,164.7395,10,4.6,mb,,133,4.059,0.72,us,us2000iyl4,2018-12-28T10:50:47.040Z,"86km WSW of Nikol'skoye, Russia",earthquake,11.3,1.9,0.039,194,reviewed,us,us
2018-12-28T08:51:32.220Z,6.6674,-72.8787,156.65,4.5,mb,,62,0.796,0.67,us,us2000iykc,2018-12-28T09:26:03.040Z,"7km W of Molagavita, Colombia",earthquake,9.5,10.1,0.063,74,reviewed,us,us
2018-12-28T08:16:15.060Z,18.481,-67.4363,11,2.75,md,8,249,0.1056,0.24,pr,pr2018362011,2018-12-28T12:04:48.553Z,"25km NW of Rincon, Puerto Rico",earthquake,1.42,0.91,0.19,8,reviewed,pr,pr
